{
    "obj": 5607.412624806884,
    "x": {
        "0": 1.0,
        "1": -0.0,
        "2": -0.0,
        "3": 1.0,
        "4": -0.0,
        "5": -0.0
    },
    "u": {
        "0": 131.15929233894016,
        "1": 0.0,
        "2": 0.0,
        "3": 72.3476021600554,
        "4": 0.0,
        "5": 0.0
    },
    "a": {
        "0": {
            "0": 1.0,
            "1": -0.0,
            "2": 1.0,
            "3": -0.0,
            "4": -0.0,
            "5": 1.0,
            "6": 1.0,
            "7": 1.0,
            "8": 1.0,
            "9": -0.0
        },
        "1": {
            "0": -0.0,
            "1": -0.0,
            "2": -0.0,
            "3": -0.0,
            "4": -0.0,
            "5": -0.0,
            "6": -0.0,
            "7": -0.0,
            "8": -0.0,
            "9": -0.0
        },
        "2": {
            "0": -0.0,
            "1": -0.0,
            "2": -0.0,
            "3": -0.0,
            "4": -0.0,
            "5": -0.0,
            "6": -0.0,
            "7": -0.0,
            "8": -0.0,
            "9": -0.0
        },
        "3": {
            "0": -0.0,
            "1": 1.0,
            "2": -0.0,
            "3": 1.0,
            "4": 1.0,
            "5": -0.0,
            "6": -0.0,
            "7": -0.0,
            "8": -0.0,
            "9": 1.0
        },
        "4": {
            "0": -0.0,
            "1": -0.0,
            "2": -0.0,
            "3": -0.0,
            "4": -0.0,
            "5": -0.0,
            "6": -0.0,
            "7": -0.0,
            "8": -0.0,
            "9": -0.0
        },
        "5": {
            "0": -0.0,
            "1": -0.0,
            "2": -0.0,
            "3": -0.0,
            "4": -0.0,
            "5": -0.0,
            "6": -0.0,
            "7": -0.0,
            "8": -0.0,
            "9": -0.0
        }
    },
    "y0": {
        "0": {
            "0": {
                "0": 42.73781416918765,
                "1": 43.46336003832793,
                "2": 39.17023548892048,
                "3": 37.930747016342934,
                "4": 53.22653390908488,
                "5": 47.02609075372618,
                "6": 38.70316578945429,
                "7": 39.378257133974984
            },
            "1": {
                "0": 0.0,
                "1": 0.0,
                "2": 0.0,
                "3": 0.0,
                "4": 0.0,
                "5": 0.0,
                "6": 0.0,
                "7": 0.0
            },
            "2": {
                "0": 33.245054772254136,
                "1": 40.55735753769086,
                "2": 39.70859993908865,
                "3": 35.50214139392047,
                "4": 25.740200560666324,
                "5": 29.072922446638756,
                "6": 23.392989167521222,
                "7": 24.051374784361215
            },
            "3": {
                "0": 0.0,
                "1": 0.0,
                "2": 0.0,
                "3": 0.0,
                "4": 0.0,
                "5": 0.0,
                "6": 0.0,
                "7": 0.0
            },
            "4": {
                "0": 0.0,
                "1": 0.0,
                "2": 0.0,
                "3": 0.0,
                "4": 0.0,
                "5": 0.0,
                "6": 0.0,
                "7": 0.0
            },
            "5": {
                "0": 13.018293357003508,
                "1": 17.634810109572776,
                "2": 14.0260957474122,
                "3": 12.737092384637009,
                "4": 7.766004725301244,
                "5": 6.30031812379265,
                "6": 3.1915945010862288,
                "7": 4.4627917121396425
            },
            "6": {
                "0": 17.481920169688518,
                "1": 15.273183662454919,
                "2": 9.623073957092473,
                "3": 10.799636897660335,
                "4": 10.728216256509342,
                "5": 6.453576672689152,
                "6": 11.02468034993646,
                "7": 7.162763704337493
            },
            "7": {
                "0": 13.360971277538468,
                "1": 12.493086707273065,
                "2": 12.696077426029504,
                "3": 13.306348632737922,
                "4": 15.01243655053446,
                "5": 9.873452723265785,
                "6": 8.042532477179613,
                "7": 10.498807716108658
            },
            "8": {
                "0": 4.9602484198780825,
                "1": 1.7374942836206042,
                "2": 15.935209780396844,
                "3": 6.902150619122324,
                "4": 6.696452185079654,
                "5": 5.97715053916049,
                "6": 5.552125621248404,
                "7": 4.9259180229922706
            },
            "9": {
                "0": 0.0,
                "1": 0.0,
                "2": 0.0,
                "3": 0.0,
                "4": 0.0,
                "5": 0.0,
                "6": 0.0,
                "7": 0.0
            }
        },
        "1": {
            "0": {
                "0": 0.0,
                "1": 0.0,
                "2": 0.0,
                "3": 0.0,
                "4": 0.0,
                "5": 0.0,
                "6": 0.0,
                "7": 0.0
            },
            "1": {
                "0": 0.0,
                "1": 0.0,
                "2": 0.0,
                "3": 0.0,
                "4": 0.0,
                "5": 0.0,
                "6": 0.0,
                "7": 0.0
            },
            "2": {
                "0": 0.0,
                "1": 0.0,
                "2": 0.0,
                "3": 0.0,
                "4": 0.0,
                "5": 0.0,
                "6": 0.0,
                "7": 0.0
            },
            "3": {
                "0": 0.0,
                "1": 0.0,
                "2": 0.0,
                "3": 0.0,
                "4": 0.0,
                "5": 0.0,
                "6": 0.0,
                "7": 0.0
            },
            "4": {
                "0": 0.0,
                "1": 0.0,
                "2": 0.0,
                "3": 0.0,
                "4": 0.0,
                "5": 0.0,
                "6": 0.0,
                "7": 0.0
            },
            "5": {
                "0": 0.0,
                "1": 0.0,
                "2": 0.0,
                "3": 0.0,
                "4": 0.0,
                "5": 0.0,
                "6": 0.0,
                "7": 0.0
            },
            "6": {
                "0": 0.0,
                "1": 0.0,
                "2": 0.0,
                "3": 0.0,
                "4": 0.0,
                "5": 0.0,
                "6": 0.0,
                "7": 0.0
            },
            "7": {
                "0": 0.0,
                "1": 0.0,
                "2": 0.0,
                "3": 0.0,
                "4": 0.0,
                "5": 0.0,
                "6": 0.0,
                "7": 0.0
            },
            "8": {
                "0": 0.0,
                "1": 0.0,
                "2": 0.0,
                "3": 0.0,
                "4": 0.0,
                "5": 0.0,
                "6": 0.0,
                "7": 0.0
            },
            "9": {
                "0": 0.0,
                "1": 0.0,
                "2": 0.0,
                "3": 0.0,
                "4": 0.0,
                "5": 0.0,
                "6": 0.0,
                "7": 0.0
            }
        },
        "2": {
            "0": {
                "0": 0.0,
                "1": 0.0,
                "2": 0.0,
                "3": 0.0,
                "4": 0.0,
                "5": 0.0,
                "6": 0.0,
                "7": 0.0
            },
            "1": {
                "0": 0.0,
                "1": 0.0,
                "2": 0.0,
                "3": 0.0,
                "4": 0.0,
                "5": 0.0,
                "6": 0.0,
                "7": 0.0
            },
            "2": {
                "0": 0.0,
                "1": 0.0,