{
    "obj": 1318.0137073272626,
    "x": {
        "0": 1.0,
        "1": -0.0,
        "2": -0.0,
        "3": -0.0,
        "4": -0.0,
        "5": -0.0
    },
    "u": {
        "0": 126.01180425167651,
        "1": 0.0,
        "2": 0.0,
        "3": 0.0,
        "4": 0.0,
        "5": 0.0
    },
    "a": {
        "0": {
            "0": 1.0,
            "1": 1.0,
            "2": 1.0,
            "3": 1.0,
            "4": 1.0,
            "5": 1.0,
            "6": 1.0,
            "7": 1.0,
            "8": 1.0,
            "9": 1.0
        },
        "1": {
            "0": 0.0,
            "1": 0.0,
            "2": 0.0,
            "3": 0.0,
            "4": -0.0,
            "5": 0.0,
            "6": -0.0,
            "7": -0.0,
            "8": -0.0,
            "9": 0.0
        },
        "2": {
            "0": 0.0,
            "1": 0.0,
            "2": 0.0,
            "3": 0.0,
            "4": 0.0,
            "5": 0.0,
            "6": -0.0,
            "7": 0.0,
            "8": -0.0,
            "9": -0.0
        },
        "3": {
            "0": -0.0,
            "1": -0.0,
            "2": -0.0,
            "3": 0.0,
            "4": 0.0,
            "5": -0.0,
            "6": 0.0,
            "7": -0.0,
            "8": -0.0,
            "9": -0.0
        },
        "4": {
            "0": -0.0,
            "1": -0.0,
            "2": -0.0,
            "3": -0.0,
            "4": -0.0,
            "5": -0.0,
            "6": -0.0,
            "7": -0.0,
            "8": -0.0,
            "9": -0.0
        },
        "5": {
            "0": -0.0,
            "1": 0.0,
            "2": -0.0,
            "3": -0.0,
            "4": 0.0,
            "5": -0.0,
            "6": -0.0,
            "7": -0.0,
            "8": -0.0,
            "9": 0.0
        }
    },
    "y0": {
        "0": {
            "0": {
                "0": 13.946075005060987,
                "1": 21.036449408078692
            },
            "1": {
                "0": 23.820186539573772,
                "1": 30.22373901489023
            },
            "2": {
                "0": 20.68095727595419,
                "1": 19.785920801173802
            },
            "3": {
                "0": 16.435494631342706,
                "1": 15.208748326911381
            },
            "4": {
                "0": 0.0,
                "1": 0.5006613939508673
            },
            "5": {
                "0": 10.862673465605726,
                "1": 12.151371489288683
            },
            "6": {
                "0": 9.139446400054652,
                "1": 12.81866587968153
            },
            "7": {
                "0": 6.749183844975544,
                "1": 7.680786517890721
            },
            "8": {
                "0": 4.077898292992065,
                "1": 1.9188689567474642
            },
            "9": {
                "0": 4.148802744216059,
                "1": 4.6865924630631355
            }
        },
        "1": {
            "0": {
                "0": 0.0,
                "1": 0.0
            },
            "1": {
                "0": 0.0,
                "1": 0.0
            },
            "2": {
                "0": 0.0,
                "1": 0.0
            },
            "3": {
                "0": 0.0,
                "1": 0.0
            },
            "4": {
                "0": 0.0,
                "1": 0.0
            },
            "5": {
                "0": 0.0,
                "1": 0.0
            },
            "6": {
                "0": 0.0,
                "1": 0.0
            },
            "7": {
                "0": 0.0,
                "1": 0.0
            },
            "8": {
                "0": 0.0,
                "1": 0.0
            },
            "9": {
                "0": 0.0,
                "1": 0.0
            }
        },
        "2": {
            "0": {
                "0": 0.0,
                "1": 0.0
            },
            "1": {
                "0": 0.0,
                "1": 0.0
            },
            "2": {
                "0": 0.0,
                "1": 0.0
            },
            "3": {
                "0": 0.0,
                "1": 0.0
            },
            "4": {
                "0": 0.0,
                "1": 0.0
            },
            "5": {
                "0": 0.0,
                "1": 0.0
            },
            "6": {
                "0": 0.0,
                "1": 0.0
            },
            "7": {
                "0": 0.0,
                "1": 0.0
            },
            "8": {
                "0": 0.0,
                "1": 0.0
            },
            "9": {
                "0": 0.0,
                "1": 0.0
            }
        },
        "3": {
            "0": {
                "0": 0.0,
                "1": 0.0
            },
            "1": {
                "0": 0.0,
                "1": 0.0
            },
            "2": {
                "0": 0.0,
                "1": 0.0
            },
            "3": {
                "0": 0.0,
                "1": 0.0
            },
            "4": {
                "0": 0.0,
                "1": 0.0
            },
            "5": {
                "0": 0.0,
                "1": 0.0
            },
            "6": {
                "0": 0.0,
                "1": 0.0
            },
            "7": {
                "0": 0.0,
                "1": 0.0
            },
            "8": {
                "0": 0.0,
                "1": 0.0
            },
            "9": {
                "0": 0.0,
                "1": 0.0
            }
        },
        "4": {
            "0": {
                "0": 0.0,
                "1": 0.0
            },
            "1": {
                "0": 0.0,
                "1": 0.0
            },
            "2": {
                "0": 0.0,
                "1": 0.0
            },
            "3": {
                "0": 0.0,
                "1": 0.0
            },
            "4": {
                "0": 0.0,
                "1": 0.0
            },
            "5": {
                "0": 0.0,
                "1": 0.0
            },
            "6": {
                "0": 0.0,
                "1": 0.0
            },
            "7": {
                "0": 0.0,
                "1": 0.0
            },
            "8": {
                "0": 0.0,
                "1": 0.0
            },
            "9": {
                "0": 0.0,
                "1": 0.0
            }
        },
        "5": {
            "0": {
                "0": 0.0,
                "1": 0.0
            },
            "1": {
                "0": 0.0,
                "1": 0.0
            },
            "2": {
                "0": 0.0,
                "1": 0.0
            },
            "3": {
                "0": 0.0,
                "1": 0.0
            },
            "4": {
                "0": 0.0,
                "1": 0.0
            },
            "5": {
                "0": 0.0,
                "1": 0.0
            },
            "6": {
                "0": 0.0,
                "1": 0.0
            },
            "7": {
                "0": 0.0,
                "1": 0.0
            },
            "8": {
                "0": 0.0,
                "1": 0.0
            },
            "9": {
                "0": 0.0,
                "1": 0.0
            }
        }
    }
}