{
    "obj": 1475.5414494281574,
    "x": {
        "0": 1.0,
        "1": -0.0,
        "2": -0.0,
        "3": -0.0,
        "4": -0.0,
        "5": -0.0
    },
    "u": {
        "0": 103.75234921622021,
        "1": 0.0,
        "2": 0.0,
        "3": 0.0,
        "4": 0.0,
        "5": 0.0
    },
    "a": {
        "0": {
            "0": 1.0,
            "1": 1.0,
            "2": 1.0,
            "3": 1.0,
            "4": 1.0,
            "5": 1.0,
            "6": 1.0,
            "7": 1.0,
            "8": 1.0,
            "9": 1.0
        },
        "1": {
            "0": -0.0,
            "1": 0.0,
            "2": -0.0,
            "3": 0.0,
            "4": -0.0,
            "5": -0.0,
            "6": -0.0,
            "7": -0.0,
            "8": -0.0,
            "9": 0.0
        },
        "2": {
            "0": 0.0,
            "1": -0.0,
            "2": 0.0,
            "3": 0.0,
            "4": 0.0,
            "5": 0.0,
            "6": 0.0,
            "7": 0.0,
            "8": 0.0,
            "9": -0.0
        },
        "3": {
            "0": 0.0,
            "1": -0.0,
            "2": 0.0,
            "3": 0.0,
            "4": 0.0,
            "5": 0.0,
            "6": 0.0,
            "7": 0.0,
            "8": -0.0,
            "9": 0.0
        },
        "4": {
            "0": -0.0,
            "1": 0.0,
            "2": 0.0,
            "3": -0.0,
            "4": -0.0,
            "5": -0.0,
            "6": -0.0,
            "7": -0.0,
            "8": -0.0,
            "9": 0.0
        },
        "5": {
            "0": -0.0,
            "1": 0.0,
            "2": -0.0,
            "3": -0.0,
            "4": 0.0,
            "5": -0.0,
            "6": -0.0,
            "7": -0.0,
            "8": -0.0,
            "9": 0.0
        }
    },
    "y0": {
        "0": {
            "0": {
                "0": 13.946075005060985,
                "1": 21.036449408078692
            },
            "1": {
                "0": 16.77856454655875,
                "1": 19.594891537596613
            },
            "2": {
                "0": 20.68095727595419,
                "1": 19.785920801173802
            },
            "3": {
                "0": 14.574213205529299,
                "1": 12.702828547527384
            },
            "4": {
                "0": 0.0,
                "1": 0.0
            },
            "5": {
                "0": 8.623541582917161,
                "1": 9.50576551322119
            },
            "6": {
                "0": 9.13944640005465,
                "1": 11.771424699493274
            },
            "7": {
                "0": 6.749183844975544,
                "1": 6.444368878758508
            },
            "8": {
                "0": 3.0860674193687827,
                "1": 2.9106998303707456
            },
            "9": {
                "0": 0.5236591403447773,
                "1": 0.0
            }
        },
        "1": {
            "0": {
                "0": 0.0,
                "1": 0.0
            },
            "1": {
                "0": 0.0,
                "1": 0.0
            },
            "2": {
                "0": 0.0,
                "1": 0.0
            },
            "3": {
                "0": 0.0,
                "1": 0.0
            },
            "4": {
                "0": 0.0,
                "1": 0.0
            },
            "5": {
                "0": 0.0,
                "1": 0.0
            },
            "6": {
                "0": 0.0,
                "1": 0.0
            },
            "7": {
                "0": 0.0,
                "1": 0.0
            },
            "8": {
                "0": 0.0,
                "1": 0.0
            },
            "9": {
                "0": 0.0,
                "1": 0.0
            }
        },
        "2": {
            "0": {
                "0": 0.0,
                "1": 0.0
            },
            "1": {
                "0": 0.0,
                "1": 0.0
            },
            "2": {
                "0": 0.0,
                "1": 0.0
            },
            "3": {
                "0": 0.0,
                "1": 0.0
            },
            "4": {
                "0": 0.0,
                "1": 0.0
            },
            "5": {
                "0": 0.0,
                "1": 0.0
            },
            "6": {
                "0": 0.0,
                "1": 0.0
            },
            "7": {
                "0": 0.0,
                "1": 0.0
            },
            "8": {
                "0": 0.0,
                "1": 0.0
            },
            "9": {
                "0": 0.0,
                "1": 0.0
            }
        },
        "3": {
            "0": {
                "0": 0.0,
                "1": 0.0
            },
            "1": {
                "0": 0.0,
                "1": 0.0
            },
            "2": {
                "0": 0.0,
                "1": 0.0
            },
            "3": {
                "0": 0.0,
                "1": 0.0
            },
            "4": {
                "0": 0.0,
                "1": 0.0
            },
            "5": {
                "0": 0.0,
                "1": 0.0
            },
            "6": {
                "0": 0.0,
                "1": 0.0
            },
            "7": {
                "0": 0.0,
                "1": 0.0
            },
            "8": {
                "0": 0.0,
                "1": 0.0
            },
            "9": {
                "0": 0.0,
                "1": 0.0
            }
        },
        "4": {
            "0": {
                "0": 0.0,
                "1": 0.0
            },
            "1": {
                "0": 0.0,
                "1": 0.0
            },
            "2": {
                "0": 0.0,
                "1": 0.0
            },
            "3": {
                "0": 0.0,
                "1": 0.0
            },
            "4": {
                "0": 0.0,
                "1": 0.0
            },
            "5": {
                "0": 0.0,
                "1": 0.0
            },
            "6": {
                "0": 0.0,
                "1": 0.0
            },
            "7": {
                "0": 0.0,
                "1": 0.0
            },
            "8": {
                "0": 0.0,
                "1": 0.0
            },
            "9": {
                "0": 0.0,
                "1": 0.0
            }
        },
        "5": {
            "0": {
                "0": 0.0,
                "1": 0.0
            },
            "1": {
                "0": 0.0,
                "1": 0.0
            },
            "2": {
                "0": 0.0,
                "1": 0.0
            },
            "3": {
                "0": 0.0,
                "1": 0.0
            },
            "4": {
                "0": 0.0,
                "1": 0.0
            },
            "5": {
                "0": 0.0,
                "1": 0.0
            },
            "6": {
                "0": 0.0,
                "1": 0.0
            },
            "7": {
                "0": 0.0,
                "1": 0.0
            },
            "8": {
                "0": 0.0,
                "1": 0.0
            },
            "9": {
                "0": 0.0,
                "1": 0.0
            }
        }
    }
}